<?xml version="1.0" encoding="UTF-8" ?>
<module>
    <name>bluepayment</name>
    <displayName><![CDATA[Płatności Blue Media]]></displayName>
    <version><![CDATA[2.8.3]]></version>
    <description><![CDATA[Dodatek umożliwia korzystanie z płatności internetowych realizowanych za pomocą bramki płatniczej Blue Media.]]></description>
    <author><![CDATA[Blue Media S.A.]]></author>
    <tab><![CDATA[payments_gateways]]></tab>
	<confirmUninstall><![CDATA[Czy na pewno chcesz usunąć moduł?]]></confirmUninstall>
    <is_configurable>1</is_configurable>
    <need_instance>0</need_instance>
	<limited_countries></limited_countries>
</module>